id,invert_label,lat,line,lon,name_en,name_ru,opened
0,0,55.8147128221,1,37.7344895783,Bulvar Rokossovskogo,Бульвар Рокоссовского,1990-08-01
1,1,55.8038539765,1,37.7451494327,Cherkizovskaya,Черкизовская,1990-08-01
2,0,55.7963094174,1,37.7155631753,Preobrazhenskaya Ploshchad,Преображенская площадь,1965-12-31
3,0,55.7886633921,1,37.6803327845,Sokolniki,Сокольники,1935-05-15
4,0,55.7802093647,1,37.6677521174,Krasnoselskaya,Красносельская,1935-05-15
5,0,55.7751297412,1,37.6561537605,Komsomolskaya,Комсомольская,1935-05-15
6,0,55.7688954891,1,37.6489851701,Krasnye Vorota,Красные ворота,1935-05-15
7,0,55.7656804276,1,37.6390296782,Chistye Prudy,Чистые пруды,1935-05-15
8,0,55.7597365356,1,37.6277972992,Lubyanka,Лубянка,1935-05-15
9,1,55.7576106605,1,37.6164912015,Okhotny Ryad,Охотный ряд,1935-05-15
10,0,55.7511984904,1,37.6102297544,Biblioteka Imeni Lenina,Библиотека имени Ленина,1935-05-15
11,0,55.7453359072,1,37.6038345385,Kropotkinskaya,Кропоткинская,1935-05-15
12,0,55.7354324024,1,37.5943870678,Park Kultury,Парк культуры,1935-05-15
13,0,55.726795348,1,37.5785730469,Frunzenskaya,Фрунзенская,1957-05-01
14,0,55.7232615184,1,37.5642608959,Sportivnaya,Спортивная,1957-05-01
15,1,55.7102553945,1,37.5594108537,Vorobyovy Gory,Воробьёвы горы,1959-01-12
16,1,55.6925359593,1,37.5333289386,Universitet,Университет,1959-01-12
17,1,55.6771437016,1,37.5061145583,Prospekt Vernadskogo,Проспект Вернадского,1963-12-30
18,1,55.6634944754,1,37.4832886728,Yugo-Zapadnaya,Юго-Западная,1963-12-30
19,1,55.6458525112,1,37.47268834,Troparyovo,Тропарёво,2014-12-08
20,1,55.6329001869,1,37.4418786721,Rumyantsevo,Румянцево,2016-01-18
21,1,55.6218839,1,37.4243006,Salaryevo,Саларьево,2016-02-15
22,0,55.8548609,2,37.4762048,Rechnoy Vokzal,Речной вокзал,1964-12-31
23,0,55.8400733042,2,37.4865858468,Vodny Stadion,Водный стадион,1964-12-31
24,0,55.8190609464,2,37.4978693251,Voykovskaya,Войковская,1964-12-31
25,0,55.8051896887,2,37.5151426604,Sokol,Сокол,1938-09-11
26,0,55.8003615039,2,37.5331038372,Aeroport,Аэропорт,1938-09-11
27,0,55.7896407048,2,37.5581031421,Dinamo,Динамо,1938-09-11
28,0,55.776691935,2,37.5833088985,Belorusskaya,Белорусская,1938-09-11
29,0,55.7702077805,2,37.5951327224,Mayakovskaya,Маяковская,1938-09-11
30,1,55.7647970599,2,37.6061151524,Tverskaya,Тверская,1979-07-20
31,0,55.7575105518,2,37.6190179225,Teatralnaya,Театральная,1938-09-11
32,0,55.7414547108,2,37.6290438555,Novokuznetskaya,Новокузнецкая,1943-11-20
33,0,55.7305818,2,37.6374601,Paveletskaya,Павелецкая,1943-11-20
34,0,55.7073885279,2,37.6576090455,Avtozavodskaya,Автозаводская,1943-01-01
35,0,55.6950881,2,37.6641804,Tekhnopark,Технопарк,2015-12-28
36,0,55.6785115205,2,37.6638111449,Kolomenskaya,Коломенская,1969-08-11
37,0,55.6550199031,2,37.6487275731,Kashirskaya,Каширская,1969-08-11
38,0,55.6356911503,2,37.6564615503,Kantemirovskaya,Кантемировская,1984-12-30
39,0,55.6214280537,2,37.6691870786,Tsaritsyno,Царицыно,1984-12-30
40,1,55.613346969,2,37.6945150277,Orekhovo,Орехово,1984-12-30
41,1,55.6107827045,2,37.7186752109,Domodedovskaya,Домодедовская,1985-09-07
42,0,55.6136961294,2,37.7445390852,Krasnogvardeyskaya,Красногвардейская,1985-09-07
43,0,55.632809485,2,37.7661241895,Alma-Atinskaya,Алма-Атинская,2012-12-24
44,1,55.8561124,3,37.3542622,Pyatnitskoye Shosse,Пятницкое шоссе,2012-12-28
45,1,55.8458437306,3,37.3621900435,Mitino,Митино,2009-12-26
46,1,55.8357041799,3,37.3820241026,Volokolamskaya,Волоколамская,2009-12-26
47,1,55.8251283549,3,37.3852990648,Myakinino,Мякинино,2009-12-26
48,1,55.8037278523,3,37.4032171593,Strogino,Строгино,2008-01-07
49,1,55.756887034,3,37.4082545909,Krylatskoye,Крылатское,1989-12-31
50,1,55.7408463765,3,37.4169090922,Molodyozhnaya,Молодёжная,1965-07-05
51,1,55.7307012167,3,37.4459977832,Kuntsevskaya,Кунцевская,2008-01-07
52,0,55.7296546225,3,37.4707518595,Slavyansky Bulvar,Славянский бульвар,2008-09-07
53,0,55.7364360859,3,37.5181527636,Park Pobedy,Парк Победы,2003-05-06
54,0,55.7443426877,3,37.5651453096,Kiyevskaya,Киевская,1953-04-05
55,0,55.7474941584,3,37.5817505496,Smolenskaya,Смоленская,1953-04-05
56,0,55.7522044089,3,37.6070348458,Arbatskaya,Арбатская,1953-04-05
57,0,55.7567676572,3,37.6218698232,Ploshchad Revolyutsii,Площадь Революции,1938-03-13
58,0,55.758086032,3,37.6579594423,Kurskaya,Курская,1938-03-13
59,0,55.773167196,3,37.6805159809,Baumanskaya,Бауманская,1944-01-18
60,0,55.781819285,3,37.7037136281,Elektrozavodskaya,Электрозаводская,1944-05-15
61,0,55.7834201334,3,37.7212537287,Semyonovskaya,Семёновская,1944-01-18
62,0,55.7885999723,3,37.7509691594,Partizanskaya,Партизанская,1944-01-18
63,0,55.7878152807,3,37.7816971894,Izmaylovskaya,Измайловская,1961-10-21
64,0,55.7947362374,3,37.7992970955,Pervomayskaya,Первомайская,1961-10-21
65,0,55.8093341183,3,37.7985373517,Shchyolkovskaya,Щёлковская,1963-07-22
641,0,55.7888305,3,37.7733368,PervomayskayaClosed,Первомайская,1954-09-24
66,0,55.7308185,4,37.4459574,Kuntsevskaya,Кунцевская,1965-08-31
67,1,55.7360538703,4,37.4671391579,Pionerskaya,Пионерская,1961-10-13
68,1,55.7395841083,4,37.4833834744,Filyovsky Park,Филёвский парк,1961-10-13
69,1,55.7438072448,4,37.497802319,Bagrationovskaya,Багратионовская,1961-10-13
70,0,55.7461002,4,37.5148876,Fili,Фили,1959-11-07
71,1,55.7400295,4,37.534383,Kutuzovskaya,Кутузовская,1958-11-07
72,0,55.7388349937,4,37.5483699476,Studencheskaya,Студенческая,1958-11-07
73,0,55.7483636,4,37.5343712,Mezhdunarodnaya,Международная,2006-08-30
74,0,55.7501310904,4,37.5413741265,Vystavochnaya,Выставочная,2005-09-10
75,0,55.7437644752,4,37.5656267847,Kiyevskaya,Киевская,1937-03-20
76,0,55.7488662843,4,37.5827289388,Smolenskaya,Смоленская,1935-05-15
77,1,55.7519284458,4,37.6007723535,Arbatskaya,Арбатская,1935-05-15
78,0,55.7524191,4,37.6085881,Aleksandrovsky Sad,Александровский сад,1935-05-15
79,0,55.7447242579,5,37.5653816788,Kiyevskaya,Киевская,1954-03-14
80,1,55.7608256365,5,37.5770524011,Krasnopresnenskaya,Краснопресненская,1954-03-14
81,0,55.7762195078,5,37.5838991776,Belorusskaya,Белорусская,1952-01-30
82,0,55.7799934699,5,37.6036226324,Novoslobodskaya,Новослободская,1952-01-30
83,0,55.7797320157,5,37.6317550266,Prospekt Mira,Проспект Мира,1952-01-30
84,0,55.7745851939,5,37.6547226917,Komsomolskaya,Комсомольская,1952-01-30
85,0,55.7572196158,5,37.6595267132,Kurskaya,Курская,1950-01-01
86,1,55.7414521177,5,37.6513329237,Taganskaya,Таганская,1950-01-01
87,0,55.7320846592,5,37.6379867925,Paveletskaya,Павелецкая,1950-01-01
88,0,55.728975819,5,37.6237348572,Dobryninskaya,Добрынинская,1950-01-01
89,0,55.729623921,5,37.6094594273,Oktyabrskaya,Октябрьская,1950-01-01
90,0,55.7356874314,5,37.5912786004,Park Kultury,Парк культуры,1950-01-01
91,0,55.8871805,6,37.6614355,Medvedkovo,Медведково,1978-09-30
92,0,55.8696677867,6,37.6640984058,Babushkinskaya,Бабушкинская,1978-09-30
93,0,55.8551705376,6,37.652693442,Sviblovo,Свиблово,1978-09-30
94,0,55.8451341699,6,37.6383186233,Botanichesky Sad,Ботанический сад,1978-09-30
95,0,55.8213101348,6,37.6411680742,VDNKh,ВДНХ,1958-05-01
96,0,55.8088172697,6,37.638794493,Alekseyevskaya,Алексеевская,1958-05-01
97,0,55.7937207577,6,37.6363054189,Rizhskaya,Рижская,1958-05-01
98,0,55.7810709808,6,37.6319292948,Prospekt Mira,Проспект Мира,1958-05-01
99,0,55.7731925473,6,37.6310713255,Sukharevskaya,Сухаревская,1972-01-05
100,1,55.7664480994,6,37.6372759514,Turgenevskaya,Тургеневская,1972-01-05
101,0,55.7555258025,6,37.6333165665,Kitay-gorod,Китай-город,1971-01-03
102,1,55.7411825117,6,37.6271421914,Tretyakovskaya,Третьяковская,1971-01-03
103,0,55.7305929878,6,37.6111883104,Oktyabrskaya,Октябрьская,1962-10-13
104,0,55.7199602846,6,37.6077730109,Shabolovskaya,Шаболовская,1980-11-06
105,0,55.7077110024,6,37.5862032099,Leninsky Prospekt,Ленинский проспект,1962-10-13
106,0,55.6877545259,6,37.5732468357,Akademicheskaya,Академическая,1962-10-13
107,0,55.6778568777,6,37.5627047199,Profsoyuznaya,Профсоюзная,1962-10-13
108,0,55.6701816034,6,37.5544482131,Novye Cheryomushki,Новые Черёмушки,1962-10-13
109,0,55.6572552,6,37.5405847,Kaluzhskaya,Калужская,1965-04-15
110,0,55.6427202276,6,37.525516159,Belyayevo,Беляево,1974-08-12
111,0,55.6332364168,6,37.5188196404,Konkovo,Коньково,1987-11-06
112,0,55.6188077685,6,37.5081519709,Tyoply Stan,Тёплый Стан,1987-11-06
113,0,55.6061877503,6,37.5337466846,Yasenevo,Ясенево,1990-01-17
114,0,55.6009276036,6,37.5540810861,Novoyasenevskaya,Новоясеневская,1990-01-17
115,1,55.8607987081,7,37.4365808491,Planernaya,Планерная,1975-12-30
116,1,55.8505027841,7,37.4398641612,Skhodnenskaya,Сходненская,1975-12-30
117,1,55.8264694885,7,37.4370541423,Tushinskaya,Тушинская,1975-12-30
118,1,55.8183417644,7,37.4358430879,Spartak,Спартак,2014-08-27
119,1,55.8087011447,7,37.4643939946,Shchukinskaya,Щукинская,1975-12-30
120,1,55.7934263061,7,37.4938345807,Oktyabrskoye Pole,Октябрьское поле,1972-12-30
121,0,55.7775990284,7,37.5193960496,Polezhayevskaya,Полежаевская,1972-12-30
122,0,55.7735976539,7,37.5464513191,Begovaya,Беговая,1972-12-30
123,0,55.7647586216,7,37.5615498674,Ulitsa 1905 Goda,Улица 1905 года,1972-12-30
124,0,55.761117578,7,37.5799851154,Barrikadnaya,Баррикадная,1972-12-30
125,0,55.7655137277,7,37.6073845396,Pushkinskaya,Пушкинская,1975-12-17
126,0,55.7608650897,7,37.6261920514,Kuznetsky Most,Кузнецкий мост,1975-12-17
127,0,55.7555853404,7,37.6334136515,Kitay-gorod,Китай-город,1971-01-04
128,1,55.7406285715,7,37.6519568212,Taganskaya,Таганская,1966-12-31
129,0,55.7319431086,7,37.6661595714,Proletarskaya,Пролетарская,1966-12-31
130,0,55.7253089134,7,37.6868484792,Volgogradsky Prospekt,Волгоградский проспект,1966-12-31
131,0,55.7088617273,7,37.7318535613,Tekstilshchiki,Текстильщики,1966-12-31
132,0,55.705650677,7,37.7658152825,Kuzminki,Кузьминки,1966-12-31
133,1,55.717174241,7,37.7933807857,Ryazansky Prospekt,Рязанский проспект,1966-12-31
134,0,55.7156709088,7,37.8179412786,Vykhino,Выхино,1966-12-31
135,0,55.701724965,7,37.852060208,Lermontovsky Prospekt,Лермонтовский проспект,2013-11-09
136,0,55.6852826833,7,37.8562070104,Zhulebino,Жулебино,2013-11-09
137,0,55.6745474523,7,37.8580742331,Kotelniki,Котельники,2015-09-21
138,1,55.6976085,8A,37.4984465,Ramenki,Раменки,2017-03-16
139,1,55.7072145409,8A,37.5162158951,Lomonosovsky Prospekt,Ломоносовский проспект,2017-03-16
140,0,55.7247674813,8A,37.4967400423,Minskaya,Минская,2017-03-16
141,0,55.7366474555,8A,37.5182196283,Park Pobedy,Парк Победы,2014-01-31
142,0,55.7492138652,8A,37.5392956052,Delovoy Tsentr,Деловой центр,2014-01-31
143,1,55.7410050744,8,37.6271211817,Tretyakovskaya,Третьяковская,1986-01-25
144,0,55.7412531714,8,37.6534545953,Marksistskaya,Марксистская,1979-12-30
145,0,55.7471286995,8,37.6833937935,Ploshchad Ilyicha,Площадь Ильича,1979-12-30
146,0,55.7524718911,8,37.7201905854,Aviamotornaya,Авиамоторная,1979-12-30
147,0,55.7574698712,8,37.7493519515,Shosse Entuziastov,Шоссе Энтузиастов,1979-12-30
148,0,55.7511485108,8,37.7865686182,Perovo,Перово,1979-12-30
149,0,55.7517107463,8,37.8167365496,Novogireyevo,Новогиреево,1979-12-30
150,0,55.7450586,8,37.8640611,Novokosino,Новокосино,2012-08-30
151,1,55.8978483,9,37.5872493,Altufyevo,Алтуфьево,1994-07-15
152,1,55.8838361016,9,37.603497501,Bibirevo,Бибирево,1992-12-31
153,1,55.863207978,9,37.604557034,Otradnoye,Отрадное,1991-03-01
154,0,55.8472186092,9,37.5898826174,Vladykino,Владыкино,1991-03-01
155,1,55.8350264801,9,37.5743075817,Petrovsko-Razumovskaya,Петровско-Разумовская,1991-03-01
156,1,55.8172344777,9,37.5762337432,Timiryazevskaya,Тимирязевская,1991-03-01
157,0,55.8066792626,9,37.5817819752,Dmitrovskaya,Дмитровская,1991-03-01
158,0,55.7924458879,9,37.5886522794,Savyolovskaya,Савёловская,1988-12-31
159,0,55.780951622,9,37.6011541987,Mendeleyevskaya,Менделеевская,1988-12-31
160,0,55.7709117825,9,37.6177567715,Tsvetnoy Bulvar,Цветной бульвар,1988-12-31
161,0,55.7648938629,9,37.6089620961,Chekhovskaya,Чеховская,1987-12-31
162,1,55.7509501453,9,37.6069569353,Borovitskaya,Боровицкая,1986-01-23
163,0,55.7381198179,9,37.61703384,Polyanka,Полянка,1986-01-23
164,0,55.7281411364,9,37.6245695675,Serpukhovskaya,Серпуховская,1983-11-08
165,0,55.70874355,9,37.6227844913,Tulskaya,Тульская,1983-11-08
166,0,55.6828970113,9,37.6223771289,Nagatinskaya,Нагатинская,1983-11-08
167,0,55.6721414746,9,37.6101631037,Nagornaya,Нагорная,1983-11-08
168,0,55.6626998259,9,37.6055650956,Nakhimovsky Prospekt,Нахимовский проспект,1983-11-08
169,0,55.6527699595,9,37.5982500006,Sevastopolskaya,Севастопольская,1983-11-08
170,0,55.6404112935,9,37.6066204377,Chertanovskaya,Чертановская,1983-11-08
171,0,55.6222778048,9,37.60913327,Yuzhnaya,Южная,1983-11-08
172,0,55.6123984231,9,37.6044302839,Prazhskaya,Пражская,1985-11-06
173,0,55.5950856842,9,37.6003212525,Ulitsa Akademika Yangelya,Улица академика Янгеля,2000-08-31
174,0,55.5825449053,9,37.5963698894,Annino,Аннино,2001-12-12
175,0,55.5693173043,9,37.5768133043,Bulvar Dmitriya Donskogo,Бульвар Дмитрия Донского,2002-12-26
176,0,55.8346541,10,37.574985,Petrovsko-Razumovskaya,Петровско-Разумовская,2016-09-16
177,1,55.8229566087,10,37.5878368638,Fonvizinskaya,Фонвизинская,2016-09-16
178,0,55.8134260925,10,37.6026678615,Butyrskaya,Бутырская,2016-09-16
179,0,55.7955385165,10,37.6164765981,Maryina Roshcha,Марьина Роща,2010-06-19
180,0,55.7811803092,10,37.6151613492,Dostoyevskaya,Достоевская,2010-06-19
181,0,55.7692261716,10,37.6195884318,Trubnaya,Трубная,2007-08-30
182,0,55.7670360625,10,37.6400975692,Sretensky Bulvar,Сретенский бульвар,2007-12-29
183,1,55.7570188059,10,37.6566507097,Chkalovskaya,Чкаловская,1995-12-28
184,0,55.7464523955,10,37.6833281109,Rimskaya,Римская,1995-12-28
185,0,55.7331233753,10,37.667621484,Krestyanskaya Zastava,Крестьянская застава,1995-12-28
186,0,55.7190181751,10,37.6758509293,Dubrovka,Дубровка,1999-12-11
187,0,55.7076294762,10,37.6847234486,Kozhukhovskaya,Кожуховская,1995-12-28
188,0,55.6934851078,10,37.7268951711,Pechatniki,Печатники,1995-12-28
189,0,55.6908930409,10,37.7533390084,Volzhskaya,Волжская,1995-12-28
190,0,55.6755625842,10,37.7620261542,Lyublino,Люблино,1996-12-25
191,0,55.6596812756,10,37.7506742388,Bratislavskaya,Братиславская,1996-12-25
192,0,55.650082084,10,37.7433961484,Maryino,Марьино,1996-12-25
193,1,55.6329780172,10,37.7434897634,Borisovo,Борисово,2011-12-02
194,1,55.6211775986,10,37.7439408852,Shipilovskaya,Шипиловская,2011-12-02
195,1,55.6123198462,10,37.7453890789,Zyablikovo,Зябликово,2011-12-02
196,0,55.6550199031,11A,37.6487275731,Kashirskaya,Каширская,1969-08-12
197,0,55.6533474442,11A,37.619386555,Varshavskaya,Варшавская,1969-08-11
198,1,55.6530372236,11A,37.5983649917,Kakhovskaya,Каховская,1969-08-11
199,1,55.6001108,12,37.5564674,Bittsevsky Park,Битцевский парк,2014-02-27
200,1,55.5820150315,12,37.5768582523,Lesoparkovaya,Лесопарковая,2014-02-27
201,1,55.5689928,12,37.5763748,Ulitsa Starokachalovskaya,Улица Старокачаловская,2003-12-27
202,0,55.5481606,12,37.5545984,Ulitsa Skobelevskaya,Улица Скобелевская,2003-12-27
203,0,55.5454833,12,37.5431878,Bulvar Admirala Ushakova,Бульвар Адмирала Ушакова,2003-12-27
204,0,55.5417384,12,37.5306687,Ulitsa Gorchakova,Улица Горчакова,2003-12-27
205,0,55.5381944,12,37.5165046,Buninskaya Alleya,Бунинская аллея,2003-12-27
206,0,55.8189683,13,37.5786581,Timiryazevskaya,Тимирязевская,2004-11-20
207,0,55.8218696,13,37.5910299,Ulitsa Milashenkova,Улица Милашенкова,2004-11-20
208,0,55.821913,13,37.60889,Teletsentr,Телецентр,2004-11-20
209,0,55.8218566,13,37.6270221,Ulitsa Akademika Korolyova,Улица Академика Королёва,2004-11-20
210,0,55.8243472,13,37.6388846,Vystavochny Tsentr,Выставочный центр,2004-11-20
211,0,55.8292233,13,37.6448067,Ulitsa Sergeya Eyzenshteyna,Улица Сергея Эйзенштейна,2004-11-20
212,0,55.848906055,14,37.5711261571,Okruzhnaya,Окружная,2016-09-10
213,0,55.8473374371,14,37.5919161936,Vladykino,Владыкино,2016-09-10
214,0,55.845538479,14,37.6392132058,Botanichesky Sad,Ботанический сад,2016-09-10
215,0,55.8400385,14,37.6654845,Rostokino,Ростокино,2016-09-10
216,0,55.8299439,14,37.7003834,Belokamennaya,Белокаменная,2016-09-10
217,0,55.8170189,14,37.7373101,Bulvar Rokossovskogo,Бульвар Рокоссовского,2016-09-10
218,0,55.8041346,14,37.7459609,Lokomotiv,Локомотив,2016-09-10
219,1,55.788178,14,37.7428518,Izmaylovo,Измайлово,2016-09-10
220,0,55.7713270062,14,37.7449997105,Sokolinaya Gora,Соколиная гора,2016-10-11
221,0,55.7589300419,14,37.7459299303,Shosse Entuziastov,Шоссе Энтузиастов,2016-09-10
222,0,55.7436975,14,37.7345552,Andronovka,Андроновка,2016-09-10
223,0,55.7322737197,14,37.7280462614,Nizhegorodskaya,Нижегородская,2016-09-10
224,0,55.7241804416,14,37.7169254943,Novokhokhlovskaya,Новохохловская,2016-09-10
225,0,55.7185119,14,37.6976497,Ugreshskaya,Угрешская,2016-09-10
226,0,55.7127099751,14,37.6778071066,Dubrovka,Дубровка,2016-10-11
227,0,55.7063865173,14,37.6631125436,Avtozavodskaya,Автозаводская,2016-09-10
228,0,55.6979482002,14,37.6475222124,ZIL,ЗИЛ,2016-09-10
229,0,55.6901674661,14,37.6188753437,Verkhnie Kotly,Верхние Котлы,2016-09-10
230,1,55.6900687,14,37.6052201,Krymskaya,Крымская,2016-09-10
231,1,55.7069779684,14,37.5864104929,Ploshchad Gagarina,Площадь Гагарина,2016-09-10
232,1,55.7204075,14,37.5621006,Luzhniki,Лужники,2016-09-10
233,1,55.7408588,14,37.5336644,Kutuzovskaya,Кутузовская,2016-09-10
234,1,55.7475717208,14,37.5321280407,Delovoy Tsentr,Деловой центр,2016-09-10
235,1,55.7573263428,14,37.5256743514,Shelepikha,Шелепиха,2016-09-10
236,1,55.7771463,14,37.5074052,Khoroshyovo,Хорошёво,2016-09-10
237,0,55.7885100424,14,37.5044086347,Zorge,Зорге,2016-11-04
238,1,55.7990269569,14,37.4990694788,Panfilovskaya,Панфиловская,2016-11-08
239,1,55.8137012,14,37.4870247,Streshnevo,Стрешнево,2016-09-10
240,1,55.8258189811,14,37.4964687496,Baltiyskaya,Балтийская,2016-09-10
241,0,55.8395568596,14,37.5201728475,Koptevo,Коптево,2016-11-01
242,1,55.8471434058,14,37.5514737479,Likhobory,Лихоборы,2016-09-10
